Tabela,Data,Kurs,Zmiana
1/A/NBP/2010,2010-01-04,2.8465,0
2/A/NBP/2010,2010-01-05,2.8264,-0.71
3/A/NBP/2010,2010-01-06,2.8493,0.81
4/A/NBP/2010,2010-01-07,2.8631,0.48
5/A/NBP/2010,2010-01-08,2.8683,0.18
6/A/NBP/2010,2010-01-11,2.7983,-2.44
7/A/NBP/2010,2010-01-12,2.8167,0.66
8/A/NBP/2010,2010-01-13,2.8009,-0.56
9/A/NBP/2010,2010-01-14,2.793,-0.28
10/A/NBP/2010,2010-01-15,2.7973,0.15
11/A/NBP/2010,2010-01-18,2.8042,0.25
12/A/NBP/2010,2010-01-19,2.7974,-0.24
13/A/NBP/2010,2010-01-20,2.8296,1.15
14/A/NBP/2010,2010-01-21,2.8928,2.23
15/A/NBP/2010,2010-01-22,2.8785,-0.49
16/A/NBP/2010,2010-01-25,2.8688,-0.34
17/A/NBP/2010,2010-01-26,2.9068,1.32
18/A/NBP/2010,2010-01-27,2.9082,0.05
19/A/NBP/2010,2010-01-28,2.8957,-0.43
20/A/NBP/2010,2010-01-29,2.9083,0.44
21/A/NBP/2010,2010-02-01,2.8787,-1.02
22/A/NBP/2010,2010-02-02,2.8603,-0.64
23/A/NBP/2010,2010-02-03,2.8321,-0.99
24/A/NBP/2010,2010-02-04,2.9071,2.65
25/A/NBP/2010,2010-02-05,2.9915,2.9
26/A/NBP/2010,2010-02-08,2.9896,-0.06
27/A/NBP/2010,2010-02-09,2.9673,-0.75
28/A/NBP/2010,2010-02-10,2.9463,-0.71
29/A/NBP/2010,2010-02-11,2.9503,0.14
30/A/NBP/2010,2010-02-12,2.9428,-0.25
31/A/NBP/2010,2010-02-15,2.9548,0.41
32/A/NBP/2010,2010-02-16,2.9428,-0.41
33/A/NBP/2010,2010-02-17,2.9007,-1.43
34/A/NBP/2010,2010-02-18,2.935,1.18
35/A/NBP/2010,2010-02-19,2.9658,1.05
36/A/NBP/2010,2010-02-22,2.9166,-1.66
37/A/NBP/2010,2010-02-23,2.904,-0.43
38/A/NBP/2010,2010-02-24,2.957,1.83
39/A/NBP/2010,2010-02-25,2.9601,0.1
40/A/NBP/2010,2010-02-26,2.9251,-1.18
41/A/NBP/2010,2010-03-01,2.8891,-1.23
42/A/NBP/2010,2010-03-02,2.9152,0.9
43/A/NBP/2010,2010-03-03,2.8782,-1.27
44/A/NBP/2010,2010-03-04,2.867,-0.39
45/A/NBP/2010,2010-03-05,2.8568,-0.36
46/A/NBP/2010,2010-03-08,2.8372,-0.69
47/A/NBP/2010,2010-03-09,2.8577,0.72
48/A/NBP/2010,2010-03-10,2.8531,-0.16
49/A/NBP/2010,2010-03-11,2.8561,0.11
50/A/NBP/2010,2010-03-12,2.8312,-0.87
51/A/NBP/2010,2010-03-15,2.8449,0.48
52/A/NBP/2010,2010-03-16,2.8393,-0.2
53/A/NBP/2010,2010-03-17,2.8083,-1.09
54/A/NBP/2010,2010-03-18,2.8285,0.72
55/A/NBP/2010,2010-03-19,2.8673,1.37
56/A/NBP/2010,2010-03-22,2.8953,0.98
57/A/NBP/2010,2010-03-23,2.8804,-0.51
58/A/NBP/2010,2010-03-24,2.8975,0.59
59/A/NBP/2010,2010-03-25,2.9163,0.65
60/A/NBP/2010,2010-03-26,2.9062,-0.35
61/A/NBP/2010,2010-03-29,2.8864,-0.68
62/A/NBP/2010,2010-03-30,2.8748,-0.4
63/A/NBP/2010,2010-03-31,2.872,-0.1
64/A/NBP/2010,2010-04-01,2.8506,-0.75
65/A/NBP/2010,2010-04-02,2.8426,-0.28
66/A/NBP/2010,2010-04-06,2.8618,0.68
67/A/NBP/2010,2010-04-07,2.8675,0.2
68/A/NBP/2010,2010-04-08,2.8975,1.05
69/A/NBP/2010,2010-04-09,2.8634,-1.18
70/A/NBP/2010,2010-04-12,2.8373,-0.91
71/A/NBP/2010,2010-04-13,2.8596,0.79
72/A/NBP/2010,2010-04-14,2.8325,-0.95
73/A/NBP/2010,2010-04-15,2.8491,0.59
74/A/NBP/2010,2010-04-16,2.8573,0.29
75/A/NBP/2010,2010-04-19,2.9009,1.53
76/A/NBP/2010,2010-04-20,2.8868,-0.49
77/A/NBP/2010,2010-04-21,2.879,-0.27
78/A/NBP/2010,2010-04-22,2.8822,0.11
79/A/NBP/2010,2010-04-23,2.9148,1.13
80/A/NBP/2010,2010-04-26,2.9068,-0.27
81/A/NBP/2010,2010-04-27,2.9158,0.31
82/A/NBP/2010,2010-04-28,3.0038,3.02
83/A/NBP/2010,2010-04-29,2.9591,-1.49
84/A/NBP/2010,2010-04-30,2.9305,-0.97
85/A/NBP/2010,2010-05-04,2.9928,2.13
86/A/NBP/2010,2010-05-05,3.1014,3.63
87/A/NBP/2010,2010-05-06,3.1802,2.54
88/A/NBP/2010,2010-05-07,3.2808,3.16
89/A/NBP/2010,2010-05-10,3.0667,-6.53
90/A/NBP/2010,2010-05-11,3.1888,3.98
91/A/NBP/2010,2010-05-12,3.1356,-1.67
92/A/NBP/2010,2010-05-13,3.1473,0.37
93/A/NBP/2010,2010-05-14,3.186,1.23
94/A/NBP/2010,2010-05-17,3.277,2.86
95/A/NBP/2010,2010-05-18,3.2284,-1.48
96/A/NBP/2010,2010-05-19,3.3595,4.06
97/A/NBP/2010,2010-05-20,3.3171,-1.26
98/A/NBP/2010,2010-05-21,3.3143,-0.08
99/A/NBP/2010,2010-05-24,3.3047,-0.29
100/A/NBP/2010,2010-05-25,3.419,3.46
101/A/NBP/2010,2010-05-26,3.352,-1.96
102/A/NBP/2010,2010-05-27,3.344,-0.24
103/A/NBP/2010,2010-05-28,3.2545,-2.68
104/A/NBP/2010,2010-05-31,3.3132,1.8
105/A/NBP/2010,2010-06-01,3.3953,2.48
106/A/NBP/2010,2010-06-02,3.3601,-1.04
107/A/NBP/2010,2010-06-04,3.3542,-0.18
108/A/NBP/2010,2010-06-07,3.4916,4.1
109/A/NBP/2010,2010-06-08,3.4772,-0.41
110/A/NBP/2010,2010-06-09,3.4513,-0.74
111/A/NBP/2010,2010-06-10,3.4301,-0.61
112/A/NBP/2010,2010-06-11,3.3761,-1.57
113/A/NBP/2010,2010-06-14,3.339,-1.1
114/A/NBP/2010,2010-06-15,3.3397,0.02
115/A/NBP/2010,2010-06-16,3.3064,-1
116/A/NBP/2010,2010-06-17,3.3095,0.09
117/A/NBP/2010,2010-06-18,3.2864,-0.7
118/A/NBP/2010,2010-06-21,3.2463,-1.22
119/A/NBP/2010,2010-06-22,3.2912,1.38
120/A/NBP/2010,2010-06-23,3.3054,0.43
121/A/NBP/2010,2010-06-24,3.3295,0.73
122/A/NBP/2010,2010-06-25,3.3643,1.05
123/A/NBP/2010,2010-06-28,3.327,-1.11
124/A/NBP/2010,2010-06-29,3.4157,2.67
125/A/NBP/2010,2010-06-30,3.3946,-0.62
126/A/NBP/2010,2010-07-01,3.3773,-0.51
127/A/NBP/2010,2010-07-02,3.3152,-1.84
128/A/NBP/2010,2010-07-05,3.2824,-0.99
129/A/NBP/2010,2010-07-06,3.2636,-0.57
130/A/NBP/2010,2010-07-07,3.2851,0.66
131/A/NBP/2010,2010-07-08,3.2259,-1.8
132/A/NBP/2010,2010-07-09,3.2124,-0.42
133/A/NBP/2010,2010-07-12,3.2511,1.2
134/A/NBP/2010,2010-07-13,3.2499,-0.04
135/A/NBP/2010,2010-07-14,3.1925,-1.77
136/A/NBP/2010,2010-07-15,3.175,-0.55
137/A/NBP/2010,2010-07-16,3.1608,-0.45
138/A/NBP/2010,2010-07-19,3.1825,0.69
139/A/NBP/2010,2010-07-20,3.1754,-0.22
140/A/NBP/2010,2010-07-21,3.2017,0.83
141/A/NBP/2010,2010-07-22,3.1945,-0.22
142/A/NBP/2010,2010-07-23,3.1383,-1.76
143/A/NBP/2010,2010-07-26,3.1373,-0.03
144/A/NBP/2010,2010-07-27,3.0861,-1.63
145/A/NBP/2010,2010-07-28,3.0756,-0.34
146/A/NBP/2010,2010-07-29,3.0618,-0.45
147/A/NBP/2010,2010-07-30,3.0731,0.37
148/A/NBP/2010,2010-08-02,3.0494,-0.77
149/A/NBP/2010,2010-08-03,3.0143,-1.15
150/A/NBP/2010,2010-08-04,3.0448,1.01
151/A/NBP/2010,2010-08-05,3.0268,-0.59
152/A/NBP/2010,2010-08-06,3.0246,-0.07
153/A/NBP/2010,2010-08-09,2.9997,-0.82
154/A/NBP/2010,2010-08-10,3.0147,0.5
155/A/NBP/2010,2010-08-11,3.0606,1.52
156/A/NBP/2010,2010-08-12,3.1215,1.99
157/A/NBP/2010,2010-08-13,3.1053,-0.52
158/A/NBP/2010,2010-08-16,3.1297,0.79
159/A/NBP/2010,2010-08-17,3.081,-1.56
160/A/NBP/2010,2010-08-18,3.0713,-0.31
161/A/NBP/2010,2010-08-19,3.0848,0.44
162/A/NBP/2010,2010-08-20,3.111,0.85
163/A/NBP/2010,2010-08-23,3.1354,0.78
164/A/NBP/2010,2010-08-24,3.1737,1.22
165/A/NBP/2010,2010-08-25,3.1492,-0.77
166/A/NBP/2010,2010-08-26,3.1452,-0.13
167/A/NBP/2010,2010-08-27,3.1304,-0.47
168/A/NBP/2010,2010-08-30,3.1226,-0.25
169/A/NBP/2010,2010-08-31,3.1583,1.14
170/A/NBP/2010,2010-09-01,3.1285,-0.94
171/A/NBP/2010,2010-09-02,3.0952,-1.06
172/A/NBP/2010,2010-09-03,3.0895,-0.18
173/A/NBP/2010,2010-09-06,3.045,-1.44
174/A/NBP/2010,2010-09-07,3.0943,1.62
175/A/NBP/2010,2010-09-08,3.117,0.73
176/A/NBP/2010,2010-09-09,3.0991,-0.57
177/A/NBP/2010,2010-09-10,3.0867,-0.4
178/A/NBP/2010,2010-09-13,3.0745,-0.4
179/A/NBP/2010,2010-09-14,3.0637,-0.35
180/A/NBP/2010,2010-09-15,3.0347,-0.95
181/A/NBP/2010,2010-09-16,3.0131,-0.71
182/A/NBP/2010,2010-09-17,3.0079,-0.17
183/A/NBP/2010,2010-09-20,3.0156,0.26
184/A/NBP/2010,2010-09-21,3.0053,-0.34
185/A/NBP/2010,2010-09-22,2.9636,-1.39
186/A/NBP/2010,2010-09-23,2.9853,0.73
187/A/NBP/2010,2010-09-24,2.9704,-0.5
188/A/NBP/2010,2010-09-27,2.9425,-0.94
189/A/NBP/2010,2010-09-28,2.9645,0.75
190/A/NBP/2010,2010-09-29,2.9227,-1.41
191/A/NBP/2010,2010-09-30,2.925,0.08
192/A/NBP/2010,2010-10-01,2.8772,-1.63
193/A/NBP/2010,2010-10-04,2.8922,0.52
194/A/NBP/2010,2010-10-05,2.8838,-0.29
195/A/NBP/2010,2010-10-06,2.8422,-1.44
196/A/NBP/2010,2010-10-07,2.8401,-0.07
197/A/NBP/2010,2010-10-08,2.866,0.91
198/A/NBP/2010,2010-10-11,2.8525,-0.47
199/A/NBP/2010,2010-10-12,2.8802,0.97
200/A/NBP/2010,2010-10-13,2.8327,-1.65
201/A/NBP/2010,2010-10-14,2.7697,-2.22
202/A/NBP/2010,2010-10-15,2.7717,0.07
203/A/NBP/2010,2010-10-18,2.8297,2.09
204/A/NBP/2010,2010-10-19,2.8268,-0.1
205/A/NBP/2010,2010-10-20,2.8714,1.58
206/A/NBP/2010,2010-10-21,2.8193,-1.81
207/A/NBP/2010,2010-10-22,2.8616,1.5
208/A/NBP/2010,2010-10-25,2.8119,-1.74
209/A/NBP/2010,2010-10-26,2.8207,0.31
210/A/NBP/2010,2010-10-27,2.8567,1.28
211/A/NBP/2010,2010-10-28,2.8728,0.56
212/A/NBP/2010,2010-10-29,2.8873,0.5
213/A/NBP/2010,2010-11-02,2.8297,-1.99
214/A/NBP/2010,2010-11-03,2.801,-1.01
215/A/NBP/2010,2010-11-04,2.7449,-2
216/A/NBP/2010,2010-11-05,2.7648,0.72
217/A/NBP/2010,2010-11-08,2.8178,1.92
218/A/NBP/2010,2010-11-09,2.8278,0.35
219/A/NBP/2010,2010-11-10,2.822,-0.21
220/A/NBP/2010,2010-11-12,2.8865,2.29
221/A/NBP/2010,2010-11-15,2.8915,0.17
222/A/NBP/2010,2010-11-16,2.8937,0.08
223/A/NBP/2010,2010-11-17,2.9217,0.97
224/A/NBP/2010,2010-11-18,2.8871,-1.18
225/A/NBP/2010,2010-11-19,2.8749,-0.42
226/A/NBP/2010,2010-11-22,2.8591,-0.55
227/A/NBP/2010,2010-11-23,2.902,1.5
228/A/NBP/2010,2010-11-24,2.9808,2.72
229/A/NBP/2010,2010-11-25,2.9881,0.24
230/A/NBP/2010,2010-11-26,3.0363,1.61
231/A/NBP/2010,2010-11-29,3.0441,0.26
232/A/NBP/2010,2010-11-30,3.1308,2.85
233/A/NBP/2010,2010-12-01,3.0753,-1.77
234/A/NBP/2010,2010-12-02,3.0282,-1.53
235/A/NBP/2010,2010-12-03,3.0172,-0.36
236/A/NBP/2010,2010-12-06,3.0057,-0.38
237/A/NBP/2010,2010-12-07,2.9955,-0.34
238/A/NBP/2010,2010-12-08,3.0558,2.01
239/A/NBP/2010,2010-12-09,3.0508,-0.16
240/A/NBP/2010,2010-12-10,3.0458,-0.16
241/A/NBP/2010,2010-12-13,3.0445,-0.04
242/A/NBP/2010,2010-12-14,2.9708,-2.42
243/A/NBP/2010,2010-12-15,2.9978,0.91
244/A/NBP/2010,2010-12-16,3.0125,0.49
245/A/NBP/2010,2010-12-17,2.984,-0.95
246/A/NBP/2010,2010-12-20,3.0396,1.86
247/A/NBP/2010,2010-12-21,3.037,-0.09
248/A/NBP/2010,2010-12-22,3.0322,-0.16
249/A/NBP/2010,2010-12-23,3.0323,0
250/A/NBP/2010,2010-12-24,3.0196,-0.42
251/A/NBP/2010,2010-12-27,3.0215,0.06
252/A/NBP/2010,2010-12-28,3.0112,-0.34
253/A/NBP/2010,2010-12-29,3.0383,0.9
254/A/NBP/2010,2010-12-30,2.9979,-1.33
255/A/NBP/2010,2010-12-31,2.9641,-1.13
1/A/NBP/2011,2011-01-03,2.9822,0.61
2/A/NBP/2011,2011-01-04,2.9415,-1.36
3/A/NBP/2011,2011-01-05,2.9476,0.21
4/A/NBP/2011,2011-01-07,2.9818,1.16
5/A/NBP/2011,2011-01-10,3.0268,1.51
6/A/NBP/2011,2011-01-11,3.0065,-0.67
7/A/NBP/2011,2011-01-12,2.9466,-1.99
8/A/NBP/2011,2011-01-13,2.9353,-0.38
9/A/NBP/2011,2011-01-14,2.9048,-1.04
10/A/NBP/2011,2011-01-17,2.9181,0.46
11/A/NBP/2011,2011-01-18,2.8848,-1.14
12/A/NBP/2011,2011-01-19,2.8879,0.11
13/A/NBP/2011,2011-01-20,2.8856,-0.08
14/A/NBP/2011,2011-01-21,2.8779,-0.27
15/A/NBP/2011,2011-01-24,2.8561,-0.76
16/A/NBP/2011,2011-01-25,2.8558,-0.01
17/A/NBP/2011,2011-01-26,2.828,-0.97
18/A/NBP/2011,2011-01-27,2.8508,0.81
19/A/NBP/2011,2011-01-28,2.8501,-0.02
20/A/NBP/2011,2011-01-31,2.8845,1.21
21/A/NBP/2011,2011-02-01,2.8468,-1.31
22/A/NBP/2011,2011-02-02,2.823,-0.84
23/A/NBP/2011,2011-02-03,2.8424,0.69
24/A/NBP/2011,2011-02-04,2.8666,0.85
25/A/NBP/2011,2011-02-07,2.8438,-0.8
26/A/NBP/2011,2011-02-08,2.8471,0.12
27/A/NBP/2011,2011-02-09,2.8581,0.39
28/A/NBP/2011,2011-02-10,2.8795,0.75
29/A/NBP/2011,2011-02-11,2.9116,1.11
30/A/NBP/2011,2011-02-14,2.9219,0.35
31/A/NBP/2011,2011-02-15,2.9159,-0.21
32/A/NBP/2011,2011-02-16,2.8864,-1.01
33/A/NBP/2011,2011-02-17,2.879,-0.26
34/A/NBP/2011,2011-02-18,2.8803,0.05
35/A/NBP/2011,2011-02-21,2.8755,-0.17
36/A/NBP/2011,2011-02-22,2.9198,1.54
37/A/NBP/2011,2011-02-23,2.8868,-1.13
38/A/NBP/2011,2011-02-24,2.8941,0.25
39/A/NBP/2011,2011-02-25,2.877,-0.59
40/A/NBP/2011,2011-02-28,2.8765,-0.02
41/A/NBP/2011,2011-03-01,2.8643,-0.42
42/A/NBP/2011,2011-03-02,2.8843,0.7
43/A/NBP/2011,2011-03-03,2.8704,-0.48
44/A/NBP/2011,2011-03-04,2.8646,-0.2
45/A/NBP/2011,2011-03-07,2.8372,-0.96
46/A/NBP/2011,2011-03-08,2.8549,0.62
47/A/NBP/2011,2011-03-09,2.8644,0.33
48/A/NBP/2011,2011-03-10,2.8849,0.72
49/A/NBP/2011,2011-03-11,2.9212,1.26
50/A/NBP/2011,2011-03-14,2.8825,-1.32
51/A/NBP/2011,2011-03-15,2.9284,1.59
52/A/NBP/2011,2011-03-16,2.9052,-0.79
53/A/NBP/2011,2011-03-17,2.9077,0.09
54/A/NBP/2011,2011-03-18,2.885,-0.78
55/A/NBP/2011,2011-03-21,2.8588,-0.91
56/A/NBP/2011,2011-03-22,2.8358,-0.8
57/A/NBP/2011,2011-03-23,2.8446,0.31
58/A/NBP/2011,2011-03-24,2.8516,0.25
59/A/NBP/2011,2011-03-25,2.8425,-0.32
60/A/NBP/2011,2011-03-28,2.8431,0.02
61/A/NBP/2011,2011-03-29,2.8227,-0.72
62/A/NBP/2011,2011-03-30,2.8277,0.18
63/A/NBP/2011,2011-03-31,2.8229,-0.17
64/A/NBP/2011,2011-04-01,2.8455,0.8
65/A/NBP/2011,2011-04-04,2.8395,-0.21
66/A/NBP/2011,2011-04-05,2.8388,-0.02
67/A/NBP/2011,2011-04-06,2.7986,-1.42
68/A/NBP/2011,2011-04-07,2.7863,-0.44
69/A/NBP/2011,2011-04-08,2.7489,-1.34
70/A/NBP/2011,2011-04-11,2.7501,0.04
71/A/NBP/2011,2011-04-12,2.7511,0.04
72/A/NBP/2011,2011-04-13,2.7421,-0.33
73/A/NBP/2011,2011-04-14,2.7297,-0.45
74/A/NBP/2011,2011-04-15,2.7293,-0.01
75/A/NBP/2011,2011-04-18,2.7608,1.15
76/A/NBP/2011,2011-04-19,2.7922,1.14
77/A/NBP/2011,2011-04-20,2.7358,-2.02
78/A/NBP/2011,2011-04-21,2.7183,-0.64
79/A/NBP/2011,2011-04-22,2.7135,-0.18
80/A/NBP/2011,2011-04-26,2.6975,-0.59
81/A/NBP/2011,2011-04-27,2.6838,-0.51
82/A/NBP/2011,2011-04-28,2.6504,-1.24
83/A/NBP/2011,2011-04-29,2.6501,-0.01
84/A/NBP/2011,2011-05-02,2.6541,0.15
85/A/NBP/2011,2011-05-04,2.6499,-0.16
86/A/NBP/2011,2011-05-05,2.6458,-0.15
87/A/NBP/2011,2011-05-06,2.727,3.07
88/A/NBP/2011,2011-05-09,2.719,-0.29
89/A/NBP/2011,2011-05-10,2.7361,0.63
90/A/NBP/2011,2011-05-11,2.7201,-0.58
91/A/NBP/2011,2011-05-12,2.7573,1.37
92/A/NBP/2011,2011-05-13,2.7321,-0.91
93/A/NBP/2011,2011-05-16,2.7817,1.82
94/A/NBP/2011,2011-05-17,2.7707,-0.4
95/A/NBP/2011,2011-05-18,2.7501,-0.74
96/A/NBP/2011,2011-05-19,2.757,0.25
97/A/NBP/2011,2011-05-20,2.7377,-0.7
98/A/NBP/2011,2011-05-23,2.8193,2.98
99/A/NBP/2011,2011-05-24,2.8024,-0.6
100/A/NBP/2011,2011-05-25,2.81,0.27
101/A/NBP/2011,2011-05-26,2.8033,-0.24
102/A/NBP/2011,2011-05-27,2.8003,-0.11
103/A/NBP/2011,2011-05-30,2.781,-0.69
104/A/NBP/2011,2011-05-31,2.7468,-1.23
105/A/NBP/2011,2011-06-01,2.7479,0.04
106/A/NBP/2011,2011-06-02,2.7578,0.36
107/A/NBP/2011,2011-06-03,2.7315,-0.95
108/A/NBP/2011,2011-06-06,2.7071,-0.89
109/A/NBP/2011,2011-06-07,2.6891,-0.66
110/A/NBP/2011,2011-06-08,2.6943,0.19
111/A/NBP/2011,2011-06-09,2.704,0.36
112/A/NBP/2011,2011-06-10,2.7216,0.65
113/A/NBP/2011,2011-06-13,2.7426,0.77
114/A/NBP/2011,2011-06-14,2.7203,-0.81
115/A/NBP/2011,2011-06-15,2.7499,1.09
116/A/NBP/2011,2011-06-16,2.8069,2.07
117/A/NBP/2011,2011-06-17,2.8077,0.03
118/A/NBP/2011,2011-06-20,2.8058,-0.07
119/A/NBP/2011,2011-06-21,2.7776,-1.01
120/A/NBP/2011,2011-06-22,2.7661,-0.41
121/A/NBP/2011,2011-06-24,2.7914,0.91
122/A/NBP/2011,2011-06-27,2.8201,1.03
123/A/NBP/2011,2011-06-28,2.8055,-0.52
124/A/NBP/2011,2011-06-29,2.7877,-0.63
125/A/NBP/2011,2011-06-30,2.7517,-1.29
126/A/NBP/2011,2011-07-01,2.7273,-0.89
127/A/NBP/2011,2011-07-04,2.7156,-0.43
128/A/NBP/2011,2011-07-05,2.7266,0.41
129/A/NBP/2011,2011-07-06,2.7531,0.97
130/A/NBP/2011,2011-07-07,2.7597,0.24
131/A/NBP/2011,2011-07-08,2.7505,-0.33
132/A/NBP/2011,2011-07-11,2.8123,2.25
133/A/NBP/2011,2011-07-12,2.9039,3.26
134/A/NBP/2011,2011-07-13,2.8658,-1.31
135/A/NBP/2011,2011-07-14,2.8309,-1.22
136/A/NBP/2011,2011-07-15,2.8545,0.83
137/A/NBP/2011,2011-07-18,2.8753,0.73
138/A/NBP/2011,2011-07-19,2.8372,-1.33
139/A/NBP/2011,2011-07-20,2.8218,-0.54
140/A/NBP/2011,2011-07-21,2.8064,-0.55
141/A/NBP/2011,2011-07-22,2.7601,-1.65
142/A/NBP/2011,2011-07-25,2.7878,1
143/A/NBP/2011,2011-07-26,2.7654,-0.8
144/A/NBP/2011,2011-07-27,2.7644,-0.04
145/A/NBP/2011,2011-07-28,2.788,0.85
146/A/NBP/2011,2011-07-29,2.8109,0.82
147/A/NBP/2011,2011-08-01,2.7683,-1.52
148/A/NBP/2011,2011-08-02,2.8331,2.34
149/A/NBP/2011,2011-08-03,2.8252,-0.28
150/A/NBP/2011,2011-08-04,2.8237,-0.05
151/A/NBP/2011,2011-08-05,2.8572,1.19
152/A/NBP/2011,2011-08-08,2.8287,-1
153/A/NBP/2011,2011-08-09,2.8831,1.92
154/A/NBP/2011,2011-08-10,2.8485,-1.2
155/A/NBP/2011,2011-08-11,2.9191,2.48
156/A/NBP/2011,2011-08-12,2.9186,-0.02
157/A/NBP/2011,2011-08-16,2.8914,-0.93
158/A/NBP/2011,2011-08-17,2.8785,-0.45
159/A/NBP/2011,2011-08-18,2.8722,-0.22
160/A/NBP/2011,2011-08-19,2.927,1.91
161/A/NBP/2011,2011-08-22,2.8943,-1.12
162/A/NBP/2011,2011-08-23,2.8713,-0.79
163/A/NBP/2011,2011-08-24,2.8823,0.38
164/A/NBP/2011,2011-08-25,2.8773,-0.17
165/A/NBP/2011,2011-08-26,2.8836,0.22
166/A/NBP/2011,2011-08-29,2.8658,-0.62
167/A/NBP/2011,2011-08-30,2.8755,0.34
168/A/NBP/2011,2011-08-31,2.8695,-0.21
169/A/NBP/2011,2011-09-01,2.8996,1.05
170/A/NBP/2011,2011-09-02,2.9277,0.97
171/A/NBP/2011,2011-09-05,2.9748,1.61
172/A/NBP/2011,2011-09-06,2.9698,-0.17
173/A/NBP/2011,2011-09-07,2.9941,0.82
174/A/NBP/2011,2011-09-08,2.9984,0.14
175/A/NBP/2011,2011-09-09,3.1148,3.88
176/A/NBP/2011,2011-09-12,3.1781,2.03
177/A/NBP/2011,2011-09-13,3.2035,0.8
178/A/NBP/2011,2011-09-14,3.1737,-0.93
179/A/NBP/2011,2011-09-15,3.1858,0.38
180/A/NBP/2011,2011-09-16,3.1506,-1.1
181/A/NBP/2011,2011-09-19,3.1867,1.15
182/A/NBP/2011,2011-09-20,3.2067,0.63
183/A/NBP/2011,2011-09-21,3.2123,0.17
184/A/NBP/2011,2011-09-22,3.2917,2.47
185/A/NBP/2011,2011-09-23,3.3171,0.77
186/A/NBP/2011,2011-09-26,3.2766,-1.22
187/A/NBP/2011,2011-09-27,3.2563,-0.62
188/A/NBP/2011,2011-09-28,3.2463,-0.31
189/A/NBP/2011,2011-09-29,3.2451,-0.04
190/A/NBP/2011,2011-09-30,3.2574,0.38
191/A/NBP/2011,2011-10-03,3.3265,2.12
192/A/NBP/2011,2011-10-04,3.3337,0.22
193/A/NBP/2011,2011-10-05,3.2966,-1.11
194/A/NBP/2011,2011-10-06,3.2731,-0.71
195/A/NBP/2011,2011-10-07,3.2593,-0.42
196/A/NBP/2011,2011-10-10,3.1865,-2.23
197/A/NBP/2011,2011-10-11,3.1936,0.22
198/A/NBP/2011,2011-10-12,3.1352,-1.83
199/A/NBP/2011,2011-10-13,3.1409,0.18
200/A/NBP/2011,2011-10-14,3.1107,-0.96
201/A/NBP/2011,2011-10-17,3.0759,-1.12
202/A/NBP/2011,2011-10-18,3.1788,3.35
203/A/NBP/2011,2011-10-19,3.1347,-1.39
204/A/NBP/2011,2011-10-20,3.1779,1.38
205/A/NBP/2011,2011-10-21,3.1969,0.6
206/A/NBP/2011,2011-10-24,3.1705,-0.83
207/A/NBP/2011,2011-10-25,3.1445,-0.82
208/A/NBP/2011,2011-10-26,3.1498,0.17
209/A/NBP/2011,2011-10-27,3.1083,-1.32
210/A/NBP/2011,2011-10-28,3.0461,-2
211/A/NBP/2011,2011-10-31,3.1024,1.85
212/A/NBP/2011,2011-11-02,3.2093,3.45
213/A/NBP/2011,2011-11-03,3.18,-0.91
214/A/NBP/2011,2011-11-04,3.1385,-1.31
215/A/NBP/2011,2011-11-07,3.1913,1.68
216/A/NBP/2011,2011-11-08,3.1681,-0.73
217/A/NBP/2011,2011-11-09,3.1925,0.77
218/A/NBP/2011,2011-11-10,3.2213,0.9
219/A/NBP/2011,2011-11-14,3.2132,-0.25
220/A/NBP/2011,2011-11-15,3.2526,1.23
221/A/NBP/2011,2011-11-16,3.2621,0.29
222/A/NBP/2011,2011-11-17,3.2965,1.05
223/A/NBP/2011,2011-11-18,3.2718,-0.75
224/A/NBP/2011,2011-11-21,3.2984,0.81
225/A/NBP/2011,2011-11-22,3.288,-0.32
226/A/NBP/2011,2011-11-23,3.3191,0.95
227/A/NBP/2011,2011-11-24,3.3486,0.89
228/A/NBP/2011,2011-11-25,3.4001,1.54
229/A/NBP/2011,2011-11-28,3.3705,-0.87
230/A/NBP/2011,2011-11-29,3.3924,0.65
231/A/NBP/2011,2011-11-30,3.4248,0.96
232/A/NBP/2011,2011-12-01,3.34,-2.48
233/A/NBP/2011,2011-12-02,3.3235,-0.49
234/A/NBP/2011,2011-12-05,3.3276,0.12
235/A/NBP/2011,2011-12-06,3.3429,0.46
236/A/NBP/2011,2011-12-07,3.331,-0.36
237/A/NBP/2011,2011-12-08,3.3359,0.15
238/A/NBP/2011,2011-12-09,3.3875,1.55
239/A/NBP/2011,2011-12-12,3.4117,0.71
240/A/NBP/2011,2011-12-13,3.4587,1.38
241/A/NBP/2011,2011-12-14,3.4977,1.13
242/A/NBP/2011,2011-12-15,3.5066,0.25
243/A/NBP/2011,2011-12-16,3.4586,-1.37
244/A/NBP/2011,2011-12-19,3.447,-0.34
245/A/NBP/2011,2011-12-20,3.4148,-0.93
246/A/NBP/2011,2011-12-21,3.3793,-1.04
247/A/NBP/2011,2011-12-22,3.3933,0.41
248/A/NBP/2011,2011-12-23,3.398,0.14
249/A/NBP/2011,2011-12-27,3.3788,-0.57
250/A/NBP/2011,2011-12-28,3.3608,-0.53
251/A/NBP/2011,2011-12-29,3.4126,1.54
252/A/NBP/2011,2011-12-30,3.4174,0.14
1/A/NBP/2012,2012-01-02,3.4454,0.82
2/A/NBP/2012,2012-01-03,3.4277,-0.51
3/A/NBP/2012,2012-01-04,3.432,0.13
4/A/NBP/2012,2012-01-05,3.5081,2.22
5/A/NBP/2012,2012-01-09,3.515,0.2
6/A/NBP/2012,2012-01-10,3.5083,-0.19
7/A/NBP/2012,2012-01-11,3.4919,-0.47
8/A/NBP/2012,2012-01-12,3.4945,0.07
9/A/NBP/2012,2012-01-13,3.4323,-1.78
10/A/NBP/2012,2012-01-16,3.4798,1.38
11/A/NBP/2012,2012-01-17,3.4215,-1.68
12/A/NBP/2012,2012-01-18,3.4,-0.63
13/A/NBP/2012,2012-01-19,3.3678,-0.95
14/A/NBP/2012,2012-01-20,3.3537,-0.42
15/A/NBP/2012,2012-01-23,3.3353,-0.55
16/A/NBP/2012,2012-01-24,3.297,-1.15
17/A/NBP/2012,2012-01-25,3.299,0.06
18/A/NBP/2012,2012-01-26,3.2233,-2.29
19/A/NBP/2012,2012-01-27,3.2163,-0.22
20/A/NBP/2012,2012-01-30,3.2433,0.84
21/A/NBP/2012,2012-01-31,3.2032,-1.24
22/A/NBP/2012,2012-02-01,3.1913,-0.37
23/A/NBP/2012,2012-02-02,3.1955,0.13
24/A/NBP/2012,2012-02-03,3.1848,-0.33
25/A/NBP/2012,2012-02-06,3.2084,0.74
26/A/NBP/2012,2012-02-07,3.1806,-0.87
27/A/NBP/2012,2012-02-08,3.1461,-1.08
28/A/NBP/2012,2012-02-09,3.1487,0.08
29/A/NBP/2012,2012-02-10,3.1703,0.69
30/A/NBP/2012,2012-02-13,3.1643,-0.19
31/A/NBP/2012,2012-02-14,3.1801,0.5
32/A/NBP/2012,2012-02-15,3.166,-0.44
33/A/NBP/2012,2012-02-16,3.2502,2.66
34/A/NBP/2012,2012-02-17,3.179,-2.19
35/A/NBP/2012,2012-02-20,3.1598,-0.6
36/A/NBP/2012,2012-02-21,3.1488,-0.35
37/A/NBP/2012,2012-02-22,3.1635,0.47
38/A/NBP/2012,2012-02-23,3.138,-0.81
39/A/NBP/2012,2012-02-24,3.1103,-0.88
40/A/NBP/2012,2012-02-27,3.1176,0.23
41/A/NBP/2012,2012-02-28,3.0977,-0.64
42/A/NBP/2012,2012-02-29,3.073,-0.8
43/A/NBP/2012,2012-03-01,3.0887,0.51
44/A/NBP/2012,2012-03-02,3.1023,0.44
45/A/NBP/2012,2012-03-05,3.1355,1.07
46/A/NBP/2012,2012-03-06,3.1557,0.64
47/A/NBP/2012,2012-03-07,3.1631,0.23
48/A/NBP/2012,2012-03-08,3.122,-1.3
49/A/NBP/2012,2012-03-09,3.1126,-0.3
50/A/NBP/2012,2012-03-12,3.1285,0.51
51/A/NBP/2012,2012-03-13,3.1288,0.01
52/A/NBP/2012,2012-03-14,3.1699,1.31
53/A/NBP/2012,2012-03-15,3.1723,0.08
54/A/NBP/2012,2012-03-16,3.1688,-0.11
55/A/NBP/2012,2012-03-19,3.1361,-1.03
56/A/NBP/2012,2012-03-20,3.1288,-0.23
57/A/NBP/2012,2012-03-21,3.1173,-0.37
58/A/NBP/2012,2012-03-22,3.168,1.63
59/A/NBP/2012,2012-03-23,3.1417,-0.83
60/A/NBP/2012,2012-03-26,3.1348,-0.22
61/A/NBP/2012,2012-03-27,3.0939,-1.3
62/A/NBP/2012,2012-03-28,3.11,0.52
63/A/NBP/2012,2012-03-29,3.1234,0.43
64/A/NBP/2012,2012-03-30,3.1191,-0.14
65/A/NBP/2012,2012-04-02,3.1017,-0.56
66/A/NBP/2012,2012-04-03,3.099,-0.09
67/A/NBP/2012,2012-04-04,3.1503,1.66
68/A/NBP/2012,2012-04-05,3.1678,0.56
69/A/NBP/2012,2012-04-06,3.1814,0.43
70/A/NBP/2012,2012-04-10,3.1904,0.28
71/A/NBP/2012,2012-04-11,3.2034,0.41
72/A/NBP/2012,2012-04-12,3.1818,-0.67
73/A/NBP/2012,2012-04-13,3.1765,-0.17
74/A/NBP/2012,2012-04-16,3.2289,1.65
75/A/NBP/2012,2012-04-17,3.1872,-1.29
76/A/NBP/2012,2012-04-18,3.1902,0.09
77/A/NBP/2012,2012-04-19,3.1879,-0.07
78/A/NBP/2012,2012-04-20,3.1828,-0.16
79/A/NBP/2012,2012-04-23,3.1972,0.45
80/A/NBP/2012,2012-04-24,3.1946,-0.08
81/A/NBP/2012,2012-04-25,3.1675,-0.85
82/A/NBP/2012,2012-04-26,3.1599,-0.24
83/A/NBP/2012,2012-04-27,3.1666,0.21
84/A/NBP/2012,2012-04-30,3.1509,-0.5
85/A/NBP/2012,2012-05-02,3.1593,0.27
86/A/NBP/2012,2012-05-04,3.1891,0.94
87/A/NBP/2012,2012-05-07,3.2279,1.22
88/A/NBP/2012,2012-05-08,3.2238,-0.13
89/A/NBP/2012,2012-05-09,3.2412,0.54
90/A/NBP/2012,2012-05-10,3.2735,1
91/A/NBP/2012,2012-05-11,3.2765,0.09
92/A/NBP/2012,2012-05-14,3.3422,2.01
93/A/NBP/2012,2012-05-15,3.3579,0.47
94/A/NBP/2012,2012-05-16,3.4353,2.31
95/A/NBP/2012,2012-05-17,3.4194,-0.46
96/A/NBP/2012,2012-05-18,3.4431,0.69
97/A/NBP/2012,2012-05-21,3.3928,-1.46
98/A/NBP/2012,2012-05-22,3.3811,-0.34
99/A/NBP/2012,2012-05-23,3.446,1.92
100/A/NBP/2012,2012-05-24,3.4779,0.93
101/A/NBP/2012,2012-05-25,3.4589,-0.55
102/A/NBP/2012,2012-05-28,3.4535,-0.16
103/A/NBP/2012,2012-05-29,3.4675,0.41
104/A/NBP/2012,2012-05-30,3.5139,1.34
105/A/NBP/2012,2012-05-31,3.5372,0.66
106/A/NBP/2012,2012-06-01,3.5777,1.14
107/A/NBP/2012,2012-06-04,3.5431,-0.97
108/A/NBP/2012,2012-06-05,3.5359,-0.2
109/A/NBP/2012,2012-06-06,3.4703,-1.86
110/A/NBP/2012,2012-06-08,3.4566,-0.39
111/A/NBP/2012,2012-06-11,3.4072,-1.43
112/A/NBP/2012,2012-06-12,3.4552,1.41
113/A/NBP/2012,2012-06-13,3.4591,0.11
114/A/NBP/2012,2012-06-14,3.442,-0.49
115/A/NBP/2012,2012-06-15,3.3971,-1.3
116/A/NBP/2012,2012-06-18,3.3741,-0.68
117/A/NBP/2012,2012-06-19,3.3916,0.52
118/A/NBP/2012,2012-06-20,3.3471,-1.31
119/A/NBP/2012,2012-06-21,3.3617,0.44
120/A/NBP/2012,2012-06-22,3.4025,1.21
121/A/NBP/2012,2012-06-25,3.4105,0.24
122/A/NBP/2012,2012-06-26,3.4088,-0.05
123/A/NBP/2012,2012-06-27,3.4015,-0.21
124/A/NBP/2012,2012-06-28,3.4408,1.16
125/A/NBP/2012,2012-06-29,3.3885,-1.52
126/A/NBP/2012,2012-07-02,3.3456,-1.27
127/A/NBP/2012,2012-07-03,3.3427,-0.09
128/A/NBP/2012,2012-07-04,3.3415,-0.04
129/A/NBP/2012,2012-07-05,3.3743,0.98
130/A/NBP/2012,2012-07-06,3.4057,0.93
131/A/NBP/2012,2012-07-09,3.4538,1.41
132/A/NBP/2012,2012-07-10,3.4145,-1.14
133/A/NBP/2012,2012-07-11,3.4007,-0.4
134/A/NBP/2012,2012-07-12,3.4383,1.11
135/A/NBP/2012,2012-07-13,3.4463,0.23
136/A/NBP/2012,2012-07-16,3.4353,-0.32
137/A/NBP/2012,2012-07-17,3.3973,-1.11
138/A/NBP/2012,2012-07-18,3.395,-0.07
139/A/NBP/2012,2012-07-19,3.39,-0.15
140/A/NBP/2012,2012-07-20,3.3961,0.18
141/A/NBP/2012,2012-07-23,3.4529,1.67
142/A/NBP/2012,2012-07-24,3.4678,0.43
143/A/NBP/2012,2012-07-25,3.4719,0.12
144/A/NBP/2012,2012-07-26,3.4523,-0.56
145/A/NBP/2012,2012-07-27,3.3843,-1.97
146/A/NBP/2012,2012-07-30,3.378,-0.19
147/A/NBP/2012,2012-07-31,3.3508,-0.81
148/A/NBP/2012,2012-08-01,3.342,-0.26
149/A/NBP/2012,2012-08-02,3.3462,0.13
150/A/NBP/2012,2012-08-03,3.3548,0.26
151/A/NBP/2012,2012-08-06,3.2752,-2.37
152/A/NBP/2012,2012-08-07,3.2606,-0.45
153/A/NBP/2012,2012-08-08,3.304,1.33
154/A/NBP/2012,2012-08-09,3.2915,-0.38
155/A/NBP/2012,2012-08-10,3.3195,0.85
156/A/NBP/2012,2012-08-13,3.3202,0.02
157/A/NBP/2012,2012-08-14,3.3059,-0.43
158/A/NBP/2012,2012-08-16,3.3253,0.59
159/A/NBP/2012,2012-08-17,3.2886,-1.1
160/A/NBP/2012,2012-08-20,3.2944,0.18
161/A/NBP/2012,2012-08-21,3.279,-0.47
162/A/NBP/2012,2012-08-22,3.2639,-0.46
163/A/NBP/2012,2012-08-23,3.2488,-0.46
164/A/NBP/2012,2012-08-24,3.268,0.59
165/A/NBP/2012,2012-08-27,3.257,-0.34
166/A/NBP/2012,2012-08-28,3.2685,0.35
167/A/NBP/2012,2012-08-29,3.3081,1.21
168/A/NBP/2012,2012-08-30,3.3397,0.96
169/A/NBP/2012,2012-08-31,3.3353,-0.13
170/A/NBP/2012,2012-09-03,3.3398,0.13
171/A/NBP/2012,2012-09-04,3.3281,-0.35
172/A/NBP/2012,2012-09-05,3.3693,1.24
173/A/NBP/2012,2012-09-06,3.2955,-2.19
174/A/NBP/2012,2012-09-07,3.2578,-1.14
175/A/NBP/2012,2012-09-10,3.2189,-1.19
176/A/NBP/2012,2012-09-11,3.2098,-0.28
177/A/NBP/2012,2012-09-12,3.168,-1.3
178/A/NBP/2012,2012-09-13,3.1852,0.54
179/A/NBP/2012,2012-09-14,3.1131,-2.26
180/A/NBP/2012,2012-09-17,3.1207,0.24
181/A/NBP/2012,2012-09-18,3.1509,0.97
182/A/NBP/2012,2012-09-19,3.1631,0.39
183/A/NBP/2012,2012-09-20,3.2092,1.46
184/A/NBP/2012,2012-09-21,3.1712,-1.18
185/A/NBP/2012,2012-09-24,3.218,1.48
186/A/NBP/2012,2012-09-25,3.2136,-0.14
187/A/NBP/2012,2012-09-26,3.2187,0.16
188/A/NBP/2012,2012-09-27,3.2236,0.15
189/A/NBP/2012,2012-09-28,3.178,-1.41
190/A/NBP/2012,2012-10-01,3.1809,0.09
191/A/NBP/2012,2012-10-02,3.1833,0.08
192/A/NBP/2012,2012-10-03,3.1896,0.2
193/A/NBP/2012,2012-10-04,3.1646,-0.78
194/A/NBP/2012,2012-10-05,3.1353,-0.93
195/A/NBP/2012,2012-10-08,3.143,0.25
196/A/NBP/2012,2012-10-09,3.1501,0.23
197/A/NBP/2012,2012-10-10,3.1695,0.62
198/A/NBP/2012,2012-10-11,3.1819,0.39
199/A/NBP/2012,2012-10-12,3.1577,-0.76
200/A/NBP/2012,2012-10-15,3.1565,-0.04
201/A/NBP/2012,2012-10-16,3.1438,-0.4
202/A/NBP/2012,2012-10-17,3.1261,-0.56
203/A/NBP/2012,2012-10-18,3.1314,0.17
204/A/NBP/2012,2012-10-19,3.1499,0.59
205/A/NBP/2012,2012-10-22,3.147,-0.09
206/A/NBP/2012,2012-10-23,3.1662,0.61
207/A/NBP/2012,2012-10-24,3.1996,1.05
208/A/NBP/2012,2012-10-25,3.1851,-0.45
209/A/NBP/2012,2012-10-26,3.2119,0.84
210/A/NBP/2012,2012-10-29,3.2145,0.08
211/A/NBP/2012,2012-10-30,3.2036,-0.34
212/A/NBP/2012,2012-10-31,3.1806,-0.72
213/A/NBP/2012,2012-11-02,3.1965,0.5
214/A/NBP/2012,2012-11-05,3.2211,0.77
215/A/NBP/2012,2012-11-06,3.2223,0.04
216/A/NBP/2012,2012-11-07,3.2031,-0.6
217/A/NBP/2012,2012-11-08,3.2655,1.95
218/A/NBP/2012,2012-11-09,3.2588,-0.21
219/A/NBP/2012,2012-11-12,3.2803,0.66
220/A/NBP/2012,2012-11-13,3.2945,0.43
221/A/NBP/2012,2012-11-14,3.275,-0.59
222/A/NBP/2012,2012-11-15,3.2678,-0.22
223/A/NBP/2012,2012-11-16,3.2682,0.01
224/A/NBP/2012,2012-11-19,3.2503,-0.55
225/A/NBP/2012,2012-11-20,3.2333,-0.52
226/A/NBP/2012,2012-11-21,3.2287,-0.14
227/A/NBP/2012,2012-11-22,3.2021,-0.82
228/A/NBP/2012,2012-11-23,3.1945,-0.24
229/A/NBP/2012,2012-11-26,3.1744,-0.63
230/A/NBP/2012,2012-11-27,3.1634,-0.35
231/A/NBP/2012,2012-11-28,3.1799,0.52
232/A/NBP/2012,2012-11-29,3.1556,-0.76
233/A/NBP/2012,2012-11-30,3.1585,0.09
234/A/NBP/2012,2012-12-03,3.1498,-0.28
235/A/NBP/2012,2012-12-04,3.1575,0.24
236/A/NBP/2012,2012-12-05,3.1516,-0.19
237/A/NBP/2012,2012-12-06,3.1538,0.07
238/A/NBP/2012,2012-12-07,3.193,1.24
239/A/NBP/2012,2012-12-10,3.1978,0.15
240/A/NBP/2012,2012-12-11,3.1645,-1.04
241/A/NBP/2012,2012-12-12,3.1459,-0.59
242/A/NBP/2012,2012-12-13,3.1333,-0.4
243/A/NBP/2012,2012-12-14,3.1271,-0.2
244/A/NBP/2012,2012-12-17,3.1035,-0.75
245/A/NBP/2012,2012-12-18,3.1044,0.03
246/A/NBP/2012,2012-12-19,3.069,-1.14
247/A/NBP/2012,2012-12-20,3.0769,0.26
248/A/NBP/2012,2012-12-21,3.0791,0.07
249/A/NBP/2012,2012-12-24,3.08,0.03
250/A/NBP/2012,2012-12-27,3.0816,0.05
251/A/NBP/2012,2012-12-28,3.0893,0.25
252/A/NBP/2012,2012-12-31,3.0996,0.33
1/A/NBP/2013,2013-01-02,3.066,-1.08
2/A/NBP/2013,2013-01-03,3.1005,1.13
3/A/NBP/2013,2013-01-04,3.17,2.24
4/A/NBP/2013,2013-01-07,3.1618,-0.26
5/A/NBP/2013,2013-01-08,3.1457,-0.51
6/A/NBP/2013,2013-01-09,3.1516,0.19
7/A/NBP/2013,2013-01-10,3.1121,-1.25
8/A/NBP/2013,2013-01-11,3.089,-0.74
9/A/NBP/2013,2013-01-14,3.0828,-0.2
10/A/NBP/2013,2013-01-15,3.075,-0.25
11/A/NBP/2013,2013-01-16,3.1097,1.13
12/A/NBP/2013,2013-01-17,3.0853,-0.78
13/A/NBP/2013,2013-01-18,3.0925,0.23
14/A/NBP/2013,2013-01-21,3.1351,1.38
15/A/NBP/2013,2013-01-22,3.1341,-0.03
16/A/NBP/2013,2013-01-23,3.1195,-0.47
17/A/NBP/2013,2013-01-24,3.1503,0.99
18/A/NBP/2013,2013-01-25,3.1186,-1.01
19/A/NBP/2013,2013-01-28,3.1074,-0.36
20/A/NBP/2013,2013-01-29,3.1229,0.5
21/A/NBP/2013,2013-01-30,3.0938,-0.93
22/A/NBP/2013,2013-01-31,3.0874,-0.21
23/A/NBP/2013,2013-02-01,3.0744,-0.42
24/A/NBP/2013,2013-02-04,3.0563,-0.59
25/A/NBP/2013,2013-02-05,3.0831,0.88
26/A/NBP/2013,2013-02-06,3.0868,0.12
27/A/NBP/2013,2013-02-07,3.0886,0.06
28/A/NBP/2013,2013-02-08,3.1056,0.55
29/A/NBP/2013,2013-02-11,3.0991,-0.21
30/A/NBP/2013,2013-02-12,3.1159,0.54
31/A/NBP/2013,2013-02-13,3.1012,-0.47
32/A/NBP/2013,2013-02-14,3.1209,0.64
33/A/NBP/2013,2013-02-15,3.1398,0.61
34/A/NBP/2013,2013-02-18,3.141,0.04
35/A/NBP/2013,2013-02-19,3.136,-0.16
36/A/NBP/2013,2013-02-20,3.1002,-1.14
37/A/NBP/2013,2013-02-21,3.1633,2.04
38/A/NBP/2013,2013-02-22,3.1443,-0.6
39/A/NBP/2013,2013-02-25,3.1412,-0.1
40/A/NBP/2013,2013-02-26,3.1733,1.02
41/A/NBP/2013,2013-02-27,3.1841,0.34
42/A/NBP/2013,2013-02-28,3.1679,-0.51
43/A/NBP/2013,2013-03-01,3.1769,0.28
44/A/NBP/2013,2013-03-04,3.1837,0.21
45/A/NBP/2013,2013-03-05,3.1665,-0.54
46/A/NBP/2013,2013-03-06,3.166,-0.02
47/A/NBP/2013,2013-03-07,3.1808,0.47
48/A/NBP/2013,2013-03-08,3.169,-0.37
49/A/NBP/2013,2013-03-11,3.1828,0.44
50/A/NBP/2013,2013-03-12,3.1887,0.19
51/A/NBP/2013,2013-03-13,3.1863,-0.08
52/A/NBP/2013,2013-03-14,3.2,0.43
53/A/NBP/2013,2013-03-15,3.1868,-0.41
54/A/NBP/2013,2013-03-18,3.2015,0.46
55/A/NBP/2013,2013-03-19,3.2055,0.12
56/A/NBP/2013,2013-03-20,3.2169,0.36
57/A/NBP/2013,2013-03-21,3.2387,0.68
58/A/NBP/2013,2013-03-22,3.2361,-0.08
59/A/NBP/2013,2013-03-25,3.195,-1.27
60/A/NBP/2013,2013-03-26,3.2427,1.49
61/A/NBP/2013,2013-03-27,3.2635,0.64
62/A/NBP/2013,2013-03-28,3.2773,0.42
63/A/NBP/2013,2013-03-29,3.259,-0.56
64/A/NBP/2013,2013-04-02,3.2552,-0.12
65/A/NBP/2013,2013-04-03,3.2693,0.43
66/A/NBP/2013,2013-04-04,3.275,0.17
67/A/NBP/2013,2013-04-05,3.2358,-1.2
68/A/NBP/2013,2013-04-08,3.1893,-1.44
69/A/NBP/2013,2013-04-09,3.1696,-0.62
70/A/NBP/2013,2013-04-10,3.1405,-0.92
71/A/NBP/2013,2013-04-11,3.1382,-0.07
72/A/NBP/2013,2013-04-12,3.1537,0.49
73/A/NBP/2013,2013-04-15,3.1502,-0.11
74/A/NBP/2013,2013-04-16,3.1559,0.18
75/A/NBP/2013,2013-04-17,3.1159,-1.27
76/A/NBP/2013,2013-04-18,3.1529,1.19
77/A/NBP/2013,2013-04-19,3.1409,-0.38
78/A/NBP/2013,2013-04-22,3.1448,0.12
79/A/NBP/2013,2013-04-23,3.1811,1.15
80/A/NBP/2013,2013-04-24,3.1823,0.04
81/A/NBP/2013,2013-04-25,3.1792,-0.1
82/A/NBP/2013,2013-04-26,3.1943,0.47
83/A/NBP/2013,2013-04-29,3.1712,-0.72
84/A/NBP/2013,2013-04-30,3.1721,0.03
85/A/NBP/2013,2013-05-02,3.1492,-0.72
86/A/NBP/2013,2013-05-06,3.1646,0.49
87/A/NBP/2013,2013-05-07,3.1767,0.38
88/A/NBP/2013,2013-05-08,3.1609,-0.5
89/A/NBP/2013,2013-05-09,3.1392,-0.69
90/A/NBP/2013,2013-05-10,3.1861,1.49
91/A/NBP/2013,2013-05-13,3.2051,0.6
92/A/NBP/2013,2013-05-14,3.1998,-0.17
93/A/NBP/2013,2013-05-15,3.234,1.07
94/A/NBP/2013,2013-05-16,3.2521,0.56
95/A/NBP/2013,2013-05-17,3.252,0
96/A/NBP/2013,2013-05-20,3.238,-0.43
97/A/NBP/2013,2013-05-21,3.249,0.34
98/A/NBP/2013,2013-05-22,3.2322,-0.52
99/A/NBP/2013,2013-05-23,3.2587,0.82
100/A/NBP/2013,2013-05-24,3.24,-0.57
101/A/NBP/2013,2013-05-27,3.2416,0.05
102/A/NBP/2013,2013-05-28,3.2465,0.15
103/A/NBP/2013,2013-05-29,3.2831,1.13
104/A/NBP/2013,2013-05-31,3.2953,0.37
105/A/NBP/2013,2013-06-03,3.2865,-0.27
106/A/NBP/2013,2013-06-04,3.2524,-1.04
107/A/NBP/2013,2013-06-05,3.2421,-0.32
108/A/NBP/2013,2013-06-06,3.2564,0.44
109/A/NBP/2013,2013-06-07,3.2545,-0.06
110/A/NBP/2013,2013-06-10,3.221,-1.03
111/A/NBP/2013,2013-06-11,3.2201,-0.03
112/A/NBP/2013,2013-06-12,3.2002,-0.62
113/A/NBP/2013,2013-06-13,3.2,-0.01
114/A/NBP/2013,2013-06-14,3.1654,-1.08
115/A/NBP/2013,2013-06-17,3.1719,0.21
116/A/NBP/2013,2013-06-18,3.1682,-0.12
117/A/NBP/2013,2013-06-19,3.1777,0.3
118/A/NBP/2013,2013-06-20,3.2693,2.88
119/A/NBP/2013,2013-06-21,3.2743,0.15
120/A/NBP/2013,2013-06-24,3.3137,1.2
121/A/NBP/2013,2013-06-25,3.284,-0.9
122/A/NBP/2013,2013-06-26,3.3239,1.21
123/A/NBP/2013,2013-06-27,3.3241,0.01
124/A/NBP/2013,2013-06-28,3.3175,-0.2
125/A/NBP/2013,2013-07-01,3.321,0.11
126/A/NBP/2013,2013-07-02,3.3222,0.04
127/A/NBP/2013,2013-07-03,3.3516,0.88
128/A/NBP/2013,2013-07-04,3.3246,-0.81
129/A/NBP/2013,2013-07-05,3.3245,0
130/A/NBP/2013,2013-07-08,3.3576,1
131/A/NBP/2013,2013-07-09,3.3588,0.04
132/A/NBP/2013,2013-07-10,3.3724,0.4
133/A/NBP/2013,2013-07-11,3.3225,-1.48
134/A/NBP/2013,2013-07-12,3.3201,-0.07
135/A/NBP/2013,2013-07-15,3.2955,-0.74
136/A/NBP/2013,2013-07-16,3.2735,-0.67
137/A/NBP/2013,2013-07-17,3.241,-0.99
138/A/NBP/2013,2013-07-18,3.2362,-0.15
139/A/NBP/2013,2013-07-19,3.2348,-0.04
140/A/NBP/2013,2013-07-22,3.2142,-0.64
141/A/NBP/2013,2013-07-23,3.2001,-0.44
142/A/NBP/2013,2013-07-24,3.18,-0.63
143/A/NBP/2013,2013-07-25,3.2143,1.08
144/A/NBP/2013,2013-07-26,3.1831,-0.97
145/A/NBP/2013,2013-07-29,3.1859,0.09
146/A/NBP/2013,2013-07-30,3.1798,-0.19
147/A/NBP/2013,2013-07-31,3.1929,0.41
148/A/NBP/2013,2013-08-01,3.1961,0.1
149/A/NBP/2013,2013-08-02,3.2201,0.75
150/A/NBP/2013,2013-08-05,3.1771,-1.34
151/A/NBP/2013,2013-08-06,3.1744,-0.08
152/A/NBP/2013,2013-08-07,3.1725,-0.06
153/A/NBP/2013,2013-08-08,3.1503,-0.7
154/A/NBP/2013,2013-08-09,3.1336,-0.53
155/A/NBP/2013,2013-08-12,3.151,0.56
156/A/NBP/2013,2013-08-13,3.1489,-0.07
157/A/NBP/2013,2013-08-14,3.1643,0.49
158/A/NBP/2013,2013-08-16,3.1665,0.07
159/A/NBP/2013,2013-08-19,3.1873,0.66
160/A/NBP/2013,2013-08-20,3.1761,-0.35
161/A/NBP/2013,2013-08-21,3.1698,-0.2
162/A/NBP/2013,2013-08-22,3.1811,0.36
163/A/NBP/2013,2013-08-23,3.1673,-0.43
164/A/NBP/2013,2013-08-26,3.1658,-0.05
165/A/NBP/2013,2013-08-27,3.1849,0.6
166/A/NBP/2013,2013-08-28,3.184,-0.03
167/A/NBP/2013,2013-08-29,3.2269,1.35
168/A/NBP/2013,2013-08-30,3.2209,-0.19
169/A/NBP/2013,2013-09-02,3.2164,-0.14
170/A/NBP/2013,2013-09-03,3.2433,0.84
171/A/NBP/2013,2013-09-04,3.2387,-0.14
172/A/NBP/2013,2013-09-05,3.2463,0.23
173/A/NBP/2013,2013-09-06,3.2732,0.83
174/A/NBP/2013,2013-09-09,3.2357,-1.15
175/A/NBP/2013,2013-09-10,3.2181,-0.54
176/A/NBP/2013,2013-09-11,3.1955,-0.7
177/A/NBP/2013,2013-09-12,3.1782,-0.54
178/A/NBP/2013,2013-09-13,3.1696,-0.27
179/A/NBP/2013,2013-09-16,3.1435,-0.82
180/A/NBP/2013,2013-09-17,3.1552,0.37
181/A/NBP/2013,2013-09-18,3.1689,0.43
182/A/NBP/2013,2013-09-19,3.0833,-2.7
183/A/NBP/2013,2013-09-20,3.1152,1.03
184/A/NBP/2013,2013-09-23,3.126,0.35
185/A/NBP/2013,2013-09-24,3.1338,0.25
186/A/NBP/2013,2013-09-25,3.1234,-0.33
187/A/NBP/2013,2013-09-26,3.1277,0.14
188/A/NBP/2013,2013-09-27,3.1328,0.16
189/A/NBP/2013,2013-09-30,3.1227,-0.32
190/A/NBP/2013,2013-10-01,3.117,-0.18
191/A/NBP/2013,2013-10-02,3.1212,0.13
192/A/NBP/2013,2013-10-03,3.0951,-0.84
193/A/NBP/2013,2013-10-04,3.0902,-0.16
194/A/NBP/2013,2013-10-07,3.0976,0.24
195/A/NBP/2013,2013-10-08,3.0873,-0.33
196/A/NBP/2013,2013-10-09,3.1057,0.6
197/A/NBP/2013,2013-10-10,3.0994,-0.2
198/A/NBP/2013,2013-10-11,3.085,-0.46
199/A/NBP/2013,2013-10-14,3.0936,0.28
200/A/NBP/2013,2013-10-15,3.0893,-0.14
201/A/NBP/2013,2013-10-16,3.0854,-0.13
202/A/NBP/2013,2013-10-17,3.0625,-0.74
203/A/NBP/2013,2013-10-18,3.0506,-0.39
204/A/NBP/2013,2013-10-21,3.062,0.37
205/A/NBP/2013,2013-10-22,3.0564,-0.18
206/A/NBP/2013,2013-10-23,3.0385,-0.59
207/A/NBP/2013,2013-10-24,3.0323,-0.2
208/A/NBP/2013,2013-10-25,3.0326,0.01
209/A/NBP/2013,2013-10-28,3.0271,-0.18
210/A/NBP/2013,2013-10-29,3.0436,0.55
211/A/NBP/2013,2013-10-30,3.0433,-0.01
212/A/NBP/2013,2013-10-31,3.0507,0.24
213/A/NBP/2013,2013-11-04,3.0975,1.53
214/A/NBP/2013,2013-11-05,3.0981,0.02
215/A/NBP/2013,2013-11-06,3.0896,-0.27
216/A/NBP/2013,2013-11-07,3.0844,-0.17
217/A/NBP/2013,2013-11-08,3.1133,0.94
218/A/NBP/2013,2013-11-12,3.1448,1.01
219/A/NBP/2013,2013-11-13,3.1358,-0.29
220/A/NBP/2013,2013-11-14,3.115,-0.66
221/A/NBP/2013,2013-11-15,3.1172,0.07
222/A/NBP/2013,2013-11-18,3.0953,-0.7
223/A/NBP/2013,2013-11-19,3.0925,-0.09
224/A/NBP/2013,2013-11-20,3.0947,0.07
225/A/NBP/2013,2013-11-21,3.1227,0.9
226/A/NBP/2013,2013-11-22,3.1077,-0.48
227/A/NBP/2013,2013-11-25,3.1019,-0.19
228/A/NBP/2013,2013-11-26,3.0945,-0.24
229/A/NBP/2013,2013-11-27,3.0899,-0.15
230/A/NBP/2013,2013-11-28,3.0872,-0.09
231/A/NBP/2013,2013-11-29,3.0846,-0.08
232/A/NBP/2013,2013-12-02,3.0965,0.39
233/A/NBP/2013,2013-12-03,3.0973,0.03
234/A/NBP/2013,2013-12-04,3.0916,-0.18
235/A/NBP/2013,2013-12-05,3.087,-0.15
236/A/NBP/2013,2013-12-06,3.0673,-0.64
237/A/NBP/2013,2013-12-09,3.0534,-0.45
238/A/NBP/2013,2013-12-10,3.0425,-0.36
239/A/NBP/2013,2013-12-11,3.0386,-0.13
240/A/NBP/2013,2013-12-12,3.0415,0.1
241/A/NBP/2013,2013-12-13,3.0432,0.06
